{
  "n_items": 50,
  "feature_correlations": {
    "vocabulary_complexity": {
      "r": 0.16778942904683786,
      "p": 0.2441317940994482
    },
    "syntax_complexity": {
      "r": 0.26674647128050877,
      "p": 0.06112883066717618
    },
    "conceptual_complexity": {
      "r": 0.2958939249573305,
      "p": 0.036948096226979775
    },
    "cognitive_load": {
      "r": 0.26523441362487454,
      "p": 0.0626666712642289
    },
    "dok_level": {
      "r": 0.3617375389538083,
      "p": 0.009844676580966395
    },
    "skill_difficulty": {
      "r": 0.2990912327342374,
      "p": 0.03486121727271316
    },
    "distractor_quality": {
      "r": 0.09483891676958135,
      "p": 0.5123841686196267
    }
  },
  "ml_results": {
    "train": {
      "n": 40,
      "pearson_r": 0.7579727713079608,
      "rmse": 0.13966012789358365,
      "mae": 0.07729424706094218
    },
    "test": {
      "n": 10,
      "pearson_r": 0.7703503098552468,
      "pearson_p": 0.009125553228436783,
      "rmse": 0.20352677434401398,
      "mae": 0.14334855942577168
    },
    "cv_rmse": 0.27011375310724206,
    "feature_importance": {
      "vocabulary_complexity": 0.00945700278269107,
      "syntax_complexity": 0.10746003970445289,
      "conceptual_complexity": 0.07751037641821686,
      "cognitive_load": 0.1837202254108461,
      "dok_level": 0.21524569730284396,
      "skill_difficulty": 0.29506335881870144,
      "distractor_quality": 0.11154329956224773
    }
  }
}
