{
  "n_items": 10,
  "enhanced": {
    "pearson_r": -0.32800409397847846,
    "pearson_p": 0.35483004573731086,
    "spearman_rho": -0.09379580992210836,
    "spearman_p": 0.7966172454147068,
    "rmse": 0.4077214458419774,
    "mae": 0.3731752759863709,
    "distribution_r": 0.039490090721826146
  },
  "baseline": {
    "pearson_r": -0.3090562359216869,
    "pearson_p": 0.3848973517496981,
    "spearman_rho": 0.12195348666382083,
    "spearman_p": 0.7371590938066886,
    "rmse": 0.5203326345048419,
    "mae": 0.47046799765362035,
    "distribution_r": 0.0017215788289539381
  },
  "delta": {
    "pearson_r": -0.018947858056791556,
    "spearman_rho": -0.21574929658592917,
    "rmse": -0.11261118866286451,
    "mae": -0.09729272166724945,
    "distribution_r": 0.03776851189287221
  }
}