{
  "name": "scout_50",
  "n_items": 50,
  "n_reps": 3,
  "avg_pred_rho_b2pl": 0.0013932596838694673,
  "avg_pred_p_b2pl": 0.9923383113350346,
  "mean_rho_b2pl": -0.014525671505119084,
  "std_rho_b2pl": 0.09163913314866827,
  "rhos_b2pl": [
    -0.08708603178923575,
    -0.07123926358969115,
    0.11474828086356967
  ]
}