{
  "qid214": {
    "mean": 0.4833333333333334,
    "sd": 0.09428090415820636,
    "n": 3
  },
  "qid207": {
    "mean": 0.6166666666666667,
    "sd": 0.04714045207910316,
    "n": 3
  },
  "qid206": {
    "mean": 0.84,
    "sd": 0.014142135623730965,
    "n": 3
  },
  "qid205": {
    "mean": 0.65,
    "sd": 0.0,
    "n": 3
  },
  "qid204": {
    "mean": 0.6166666666666667,
    "sd": 0.04714045207910316,
    "n": 3
  },
  "qid203": {
    "mean": 0.6733333333333333,
    "sd": 0.03299831645537219,
    "n": 3
  },
  "qid202": {
    "mean": 0.37333333333333335,
    "sd": 0.03299831645537222,
    "n": 3
  },
  "qid201": {
    "mean": 0.65,
    "sd": 0.0,
    "n": 3
  },
  "qid199": {
    "mean": 0.7200000000000001,
    "sd": 1.1102230246251565e-16,
    "n": 3
  },
  "qid198": {
    "mean": 0.85,
    "sd": 0.0,
    "n": 3
  },
  "qid197": {
    "mean": 0.65,
    "sd": 0.0,
    "n": 3
  },
  "qid196": {
    "mean": 0.6733333333333333,
    "sd": 0.03299831645537219,
    "n": 3
  },
  "qid195": {
    "mean": 0.6166666666666667,
    "sd": 0.04714045207910316,
    "n": 3
  },
  "qid194": {
    "mean": 0.7733333333333334,
    "sd": 0.0410960933531265,
    "n": 3
  },
  "qid193": {
    "mean": 0.3499999999999999,
    "sd": 5.551115123125783e-17,
    "n": 3
  },
  "qid192": {
    "mean": 0.3499999999999999,
    "sd": 5.551115123125783e-17,
    "n": 3
  },
  "qid191": {
    "mean": 0.37333333333333335,
    "sd": 0.03299831645537222,
    "n": 3
  },
  "qid190": {
    "mean": 0.65,
    "sd": 0.0,
    "n": 3
  },
  "qid189": {
    "mean": 0.65,
    "sd": 0.0,
    "n": 3
  },
  "qid188": {
    "mean": 0.65,
    "sd": 0.0,
    "n": 3
  },
  "qid187": {
    "mean": 0.5833333333333334,
    "sd": 0.04714045207910316,
    "n": 3
  },
  "qid186": {
    "mean": 0.65,
    "sd": 0.0,
    "n": 3
  },
  "qid185": {
    "mean": 0.3499999999999999,
    "sd": 5.551115123125783e-17,
    "n": 3
  },
  "qid184": {
    "mean": 0.55,
    "sd": 0.0,
    "n": 3
  },
  "qid183": {
    "mean": 0.65,
    "sd": 0.0,
    "n": 3
  },
  "qid182": {
    "mean": 0.65,
    "sd": 0.0,
    "n": 3
  },
  "qid181": {
    "mean": 0.6966666666666667,
    "sd": 0.03299831645537219,
    "n": 3
  },
  "qid180": {
    "mean": 0.6733333333333333,
    "sd": 0.03299831645537219,
    "n": 3
  },
  "qid179": {
    "mean": 0.55,
    "sd": 0.0,
    "n": 3
  },
  "qid143": {
    "mean": 0.44,
    "sd": 0.08286535263104038,
    "n": 3
  },
  "qid142": {
    "mean": 0.55,
    "sd": 0.0,
    "n": 3
  },
  "qid141": {
    "mean": 0.6733333333333333,
    "sd": 0.03299831645537219,
    "n": 3
  },
  "qid140": {
    "mean": 0.55,
    "sd": 0.0,
    "n": 3
  },
  "qid139": {
    "mean": 0.4833333333333334,
    "sd": 0.09428090415820638,
    "n": 3
  },
  "qid138": {
    "mean": 0.4833333333333334,
    "sd": 0.09428090415820636,
    "n": 3
  },
  "qid137": {
    "mean": 0.4833333333333334,
    "sd": 0.09428090415820636,
    "n": 3
  },
  "qid136": {
    "mean": 0.55,
    "sd": 0.0,
    "n": 3
  },
  "qid135": {
    "mean": 0.55,
    "sd": 0.0,
    "n": 3
  },
  "qid134": {
    "mean": 0.65,
    "sd": 0.0,
    "n": 3
  },
  "qid133": {
    "mean": 0.55,
    "sd": 0.0,
    "n": 3
  },
  "qid132": {
    "mean": 0.55,
    "sd": 0.0,
    "n": 3
  },
  "qid131": {
    "mean": 0.4833333333333334,
    "sd": 0.09428090415820638,
    "n": 3
  },
  "qid130": {
    "mean": 0.6166666666666667,
    "sd": 0.04714045207910316,
    "n": 3
  },
  "qid129": {
    "mean": 0.6166666666666667,
    "sd": 0.04714045207910316,
    "n": 3
  },
  "qid128": {
    "mean": 0.65,
    "sd": 0.0,
    "n": 3
  },
  "qid127": {
    "mean": 0.65,
    "sd": 0.0,
    "n": 3
  },
  "qid126": {
    "mean": 0.5833333333333334,
    "sd": 0.04714045207910316,
    "n": 3
  },
  "qid125": {
    "mean": 0.65,
    "sd": 0.0,
    "n": 3
  },
  "qid124": {
    "mean": 0.5166666666666667,
    "sd": 0.12472191289246473,
    "n": 3
  },
  "qid123": {
    "mean": 0.6733333333333333,
    "sd": 0.03299831645537219,
    "n": 3
  },
  "qid122": {
    "mean": 0.6166666666666667,
    "sd": 0.04714045207910316,
    "n": 3
  },
  "qid121": {
    "mean": 0.3499999999999999,
    "sd": 5.551115123125783e-17,
    "n": 3
  },
  "qid120": {
    "mean": 0.65,
    "sd": 0.0,
    "n": 3
  },
  "qid119": {
    "mean": 0.5833333333333334,
    "sd": 0.04714045207910316,
    "n": 3
  },
  "qid118": {
    "mean": 0.5833333333333334,
    "sd": 0.04714045207910316,
    "n": 3
  },
  "qid117": {
    "mean": 0.65,
    "sd": 0.0,
    "n": 3
  },
  "qid116": {
    "mean": 0.5833333333333334,
    "sd": 0.04714045207910316,
    "n": 3
  },
  "qid115": {
    "mean": 0.6733333333333333,
    "sd": 0.03299831645537219,
    "n": 3
  },
  "qid114": {
    "mean": 0.6966666666666667,
    "sd": 0.03299831645537219,
    "n": 3
  },
  "qid113": {
    "mean": 0.73,
    "sd": 0.014142135623730963,
    "n": 3
  },
  "qid112": {
    "mean": 0.7633333333333333,
    "sd": 0.061282587702834124,
    "n": 3
  },
  "qid111": {
    "mean": 0.65,
    "sd": 0.0,
    "n": 3
  },
  "qid110": {
    "mean": 0.73,
    "sd": 0.014142135623730963,
    "n": 3
  },
  "qid109": {
    "mean": 0.6733333333333333,
    "sd": 0.03299831645537219,
    "n": 3
  },
  "qid108": {
    "mean": 0.47333333333333333,
    "sd": 0.05557777333511025,
    "n": 3
  },
  "qid107": {
    "mean": 0.7733333333333334,
    "sd": 0.05557777333511022,
    "n": 3
  },
  "qid106": {
    "mean": 0.55,
    "sd": 0.0,
    "n": 3
  },
  "qid105": {
    "mean": 0.65,
    "sd": 0.0,
    "n": 3
  },
  "qid104": {
    "mean": 0.7200000000000001,
    "sd": 1.1102230246251565e-16,
    "n": 3
  },
  "qid103": {
    "mean": 0.65,
    "sd": 0.0,
    "n": 3
  },
  "qid102": {
    "mean": 0.6166666666666667,
    "sd": 0.04714045207910316,
    "n": 3
  },
  "qid101": {
    "mean": 0.6733333333333333,
    "sd": 0.03299831645537219,
    "n": 3
  },
  "qid100": {
    "mean": 0.6733333333333333,
    "sd": 0.03299831645537219,
    "n": 3
  },
  "qid99": {
    "mean": 0.7399999999999999,
    "sd": 0.014142135623730965,
    "n": 3
  },
  "qid98": {
    "mean": 0.5833333333333334,
    "sd": 0.04714045207910316,
    "n": 3
  },
  "qid97": {
    "mean": 0.55,
    "sd": 0.0,
    "n": 3
  },
  "qid96": {
    "mean": 0.7200000000000001,
    "sd": 1.1102230246251565e-16,
    "n": 3
  },
  "qid95": {
    "mean": 0.73,
    "sd": 0.014142135623730965,
    "n": 3
  },
  "qid94": {
    "mean": 0.65,
    "sd": 0.0,
    "n": 3
  },
  "qid93": {
    "mean": 0.65,
    "sd": 0.0,
    "n": 3
  },
  "qid92": {
    "mean": 0.85,
    "sd": 0.0,
    "n": 3
  },
  "qid91": {
    "mean": 0.65,
    "sd": 0.0,
    "n": 3
  },
  "qid87": {
    "mean": 0.65,
    "sd": 0.0,
    "n": 3
  },
  "qid86": {
    "mean": 0.4833333333333334,
    "sd": 0.09428090415820636,
    "n": 3
  },
  "qid85": {
    "mean": 0.65,
    "sd": 0.0,
    "n": 3
  },
  "qid84": {
    "mean": 0.5833333333333334,
    "sd": 0.04714045207910316,
    "n": 3
  },
  "qid83": {
    "mean": 0.65,
    "sd": 0.0,
    "n": 3
  },
  "qid82": {
    "mean": 0.65,
    "sd": 0.0,
    "n": 3
  },
  "qid81": {
    "mean": 0.55,
    "sd": 0.0,
    "n": 3
  },
  "qid80": {
    "mean": 0.5833333333333334,
    "sd": 0.04714045207910316,
    "n": 3
  },
  "qid79": {
    "mean": 0.5833333333333334,
    "sd": 0.04714045207910316,
    "n": 3
  },
  "qid78": {
    "mean": 0.65,
    "sd": 0.0,
    "n": 3
  },
  "qid77": {
    "mean": 0.65,
    "sd": 0.0,
    "n": 3
  },
  "qid76": {
    "mean": 0.6166666666666667,
    "sd": 0.04714045207910316,
    "n": 3
  },
  "qid75": {
    "mean": 0.65,
    "sd": 0.0,
    "n": 3
  },
  "qid74": {
    "mean": 0.6733333333333333,
    "sd": 0.03299831645537219,
    "n": 3
  },
  "qid73": {
    "mean": 0.6733333333333333,
    "sd": 0.03299831645537219,
    "n": 3
  },
  "qid72": {
    "mean": 0.75,
    "sd": 0.0,
    "n": 3
  },
  "qid71": {
    "mean": 0.7733333333333333,
    "sd": 0.05557777333511022,
    "n": 3
  },
  "qid70": {
    "mean": 0.65,
    "sd": 0.0,
    "n": 3
  },
  "qid69": {
    "mean": 0.85,
    "sd": 0.0,