{
  "method": "cognitive",
  "mean_rho": 0.1651182636935984,
  "std_rho": 0.04570542735049613,
  "rhos": [
    0.22971985928225133,
    0.1346760996682869,
    0.13095883213025697
  ]
}