{
  "method": "contrastive_baseline",
  "mean_rho": 0.5828331251504749,
  "std_rho": 0.03289562822681009,
  "rhos": [
    0.62928154526774,
    0.5618654026526966,
    0.5573524275309882
  ]
}