{
  "gpt-4o-mini": {
    "n_items": 50,
    "items_with_errors": 29,
    "llm_accuracy": 0.558,
    "student_accuracy": 0.19178451544265598,
    "overall_correlation": -0.01903555338100047,
    "overall_p_value": 0.7890532336797298,
    "error_correlation": 0.08309381968505879,
    "error_p_value": 0.31205311806704905
  }
}
