{
  "basic": {
    "n_total": 1869,
    "n_valid": 1869,
    "pearson_r": 0.007210700719066369,
    "pearson_p": 0.7553992416644847,
    "spearman_rho": -0.01571752254378891,
    "spearman_p": 0.4970832281691888,
    "rmse": 0.2125655226412861,
    "mae": 0.16893135579564303,
    "bias": -0.04380280591701464
  },
  "expert": {
    "n_total": 1869,
    "n_valid": 1869,
    "pearson_r": 0.009770384687274087,
    "pearson_p": 0.6729373564485461,
    "spearman_rho": 0.007327974889887929,
    "spearman_p": 0.751551064961524,
    "rmse": 0.24609979497326748,
    "mae": 0.19761749404618842,
    "bias": -0.1157610723696631
  },
  "irt": {
    "n_total": 1869,
    "n_valid": 1867,
    "pearson_r": -0.0286245186225801,
    "pearson_p": 0.21636344538776803,
    "spearman_rho": -0.017926380742299793,
    "spearman_p": 0.43885938133996094,
    "rmse": 11.308108413691604,
    "mae": 0.5841737216830826,
    "bias": 0.32624012018435233
  },
  "comparative": {
    "n_total": 1869,
    "n_valid": 1869,
    "pearson_r": -0.0028791499035060106,
    "pearson_p": 0.9010079160923903,
    "spearman_rho": -0.007869092015142264,
    "spearman_p": 0.7338763159391831,
    "rmse": 0.25852094906167933,
    "mae": 0.2065574114271391,
    "bias": -0.05089215851198519
  }
}