{
  "expert": {
    "n_total": 1869,
    "n_valid": 1735,
    "pearson_r": -0.023615652983714448,
    "pearson_p": 0.3255588241963921,
    "spearman_rho": -0.041139485075643856,
    "spearman_p": 0.08669656606121175,
    "rmse": 8.31940635420946,
    "mae": 0.48700598517846405,
    "bias": 0.4028406216377796
  }
}