{
  "expert": {
    "n_total": 1869,
    "n_valid": 1868,
    "pearson_r": -0.013444482024832633,
    "pearson_p": 0.5614340893458671,
    "spearman_rho": -0.014851961627752572,
    "spearman_p": 0.5211894912545638,
    "rmse": 0.3321644125429522,
    "mae": 0.28779883113658833,
    "bias": 0.22928609839629718
  }
}