{
  "expert": {
    "n_total": 1869,
    "n_valid": 1530,
    "pearson_r": -0.03244969668876933,
    "pearson_p": 0.20459320982522444,
    "spearman_rho": -0.0295435359012517,
    "spearman_p": 0.24812754898291264,
    "rmse": 0.23850285327326468,
    "mae": 0.19217212996630595,
    "bias": -0.061941253868732046
  }
}