{
  "expert": {
    "n_total": 1869,
    "n_valid": 1548,
    "pearson_r": 0.015423062768490214,
    "pearson_p": 0.5442753270390563,
    "spearman_rho": 0.01007405411667801,
    "spearman_p": 0.6920682789453634,
    "rmse": 119.33614239686892,
    "mae": 7.833807965239957,
    "bias": 6.953801788220263
  }
}