{
  "claude_sonnet4": {
    "mean": 0.2628738046529984,
    "std": 0.16640868988112356,
    "rhos": [
      0.03168633877089262,
      0.34036183177214663,
      0.4165732434159561
    ],
    "provider": "anthropic",
    "model": "claude-sonnet-4-20250514",
    "temp": 1.0
  },
  "claude_haiku35": {
    "mean": 0.07684953826367612,
    "std": 0.18587073535978063,
    "rhos": [
      0.3377209716078458,
      -0.08154090687243137,
      -0.025631449944386094
    ],
    "provider": "anthropic",
    "model": "claude-3-5-haiku-20241022",
    "temp": 1.0
  },
  "gpt_4o": {
    "mean": 0.19773003807617395,
    "std": 0.22866623910779726,
    "rhos": [
      0.33817873900825596,
      0.37977141093857963,
      -0.12476003571831379
    ],
    "provider": "openai",
    "model": "gpt-4o",
    "temp": 1.5
  }
}