{
  "Grade 6 \u2014 English_q1": {
    "mean": 0.43333333333333335,
    "sd": 0.08498365855987977,
    "n": 3
  },
  "Grade 6 \u2014 English_q2": {
    "mean": 0.6166666666666667,
    "sd": 0.04714045207910316,
    "n": 3
  },
  "Grade 6 \u2014 English_q3": {
    "mean": 0.6633333333333334,
    "sd": 0.04189935029992177,
    "n": 3
  },
  "Grade 6 \u2014 English_q4": {
    "mean": 0.3666666666666667,
    "sd": 0.023570226039551608,
    "n": 3
  },
  "Grade 6 \u2014 English_q5": {
    "mean": 0.3666666666666667,
    "sd": 0.023570226039551608,
    "n": 3
  },
  "Grade 6 \u2014 English_q6": {
    "mean": 0.3499999999999999,
    "sd": 5.551115123125783e-17,
    "n": 3
  },
  "Grade 6 \u2014 English_q8": {
    "mean": 0.65,
    "sd": 0.0,
    "n": 3
  },
  "Grade 6 \u2014 English_q9": {
    "mean": 0.3499999999999999,
    "sd": 5.551115123125783e-17,
    "n": 3
  },
  "Grade 6 \u2014 English_q10": {
    "mean": 0.65,
    "sd": 0.0,
    "n": 3
  },
  "Grade 6 \u2014 English_q11": {
    "mean": 0.3499999999999999,
    "sd": 5.551115123125783e-17,
    "n": 3
  },
  "Grade 6 \u2014 English_q12": {
    "mean": 0.7833333333333333,
    "sd": 0.04714045207910316,
    "n": 3
  },
  "Grade 6 \u2014 English_q13": {
    "mean": 0.7833333333333333,
    "sd": 0.028674417556808735,
    "n": 3
  },
  "Grade 6 \u2014 English_q14": {
    "mean": 0.3499999999999999,
    "sd": 5.551115123125783e-17,
    "n": 3
  },
  "Grade 6 \u2014 English_q15": {
    "mean": 0.3666666666666667,
    "sd": 0.023570226039551608,
    "n": 3
  },
  "Grade 6 \u2014 English_q16": {
    "mean": 0.7733333333333333,
    "sd": 0.03299831645537219,
    "n": 3
  },
  "Grade 6 \u2014 Maths_q1": {
    "mean": 0.3499999999999999,
    "sd": 5.551115123125783e-17,
    "n": 3
  },
  "Grade 6 \u2014 Maths_q2": {
    "mean": 0.71,
    "sd": 0.053541261347363374,
    "n": 3
  },
  "Grade 6 \u2014 Maths_q3": {
    "mean": 0.7133333333333333,
    "sd": 0.009428090415820642,
    "n": 3
  },
  "Grade 6 \u2014 Maths_q4": {
    "mean": 0.5833333333333334,
    "sd": 0.04714045207910316,
    "n": 3
  },
  "Grade 6 \u2014 Maths_q5": {
    "mean": 0.2833333333333333,
    "sd": 0.04714045207910316,
    "n": 3
  },
  "Grade 6 \u2014 Maths_q6": {
    "mean": 0.44,
    "sd": 0.014142135623730965,
    "n": 3
  },
  "Grade 6 \u2014 Maths_q7": {
    "mean": 0.4166666666666667,
    "sd": 0.04714045207910318,
    "n": 3
  },
  "Grade 6 \u2014 Maths_q8": {
    "mean": 0.4566666666666667,
    "sd": 0.06649979114420003,
    "n": 3
  },
  "Grade 6 \u2014 Maths_q9": {
    "mean": 0.6166666666666667,
    "sd": 0.04714045207910316,
    "n": 3
  },
  "Grade 6 \u2014 Maths_q10": {
    "mean": 0.55,
    "sd": 0.0,
    "n": 3
  },
  "Grade 6 \u2014 Maths_q11": {
    "mean": 0.3666666666666667,
    "sd": 0.023570226039551608,
    "n": 3
  },
  "Grade 6 \u2014 Maths_q12": {
    "mean": 0.3499999999999999,
    "sd": 5.551115123125783e-17,
    "n": 3
  },
  "Grade 6 \u2014 Science_q1": {
    "mean": 0.6166666666666667,
    "sd": 0.04714045207910316,
    "n": 3
  },
  "Grade 6 \u2014 Science_q2": {
    "mean": 0.6166666666666667,
    "sd": 0.04714045207910316,
    "n": 3
  },
  "Grade 6 \u2014 Science_q3": {
    "mean": 0.7833333333333333,
    "sd": 0.053124591501697425,
    "n": 3
  },
  "Grade 6 \u2014 Science_q4": {
    "mean": 0.5,
    "sd": 0.07071067811865477,
    "n": 3
  },
  "Grade 6 \u2014 Science_q5": {
    "mean": 0.3833333333333333,
    "sd": 0.04714045207910318,
    "n": 3
  },
  "Grade 6 \u2014 Science_q6": {
    "mean": 0.5,
    "sd": 0.07071067811865477,
    "n": 3
  },
  "Grade 6 \u2014 Science_q7": {
    "mean": 0.55,
    "sd": 0.0,
    "n": 3
  },
  "Grade 6 \u2014 Science_q8": {
    "mean": 0.3833333333333333,
    "sd": 0.023570226039551605,
    "n": 3
  },
  "Grade 6 \u2014 Science_q9": {
    "mean": 0.55,
    "sd": 0.0,
    "n": 3
  },
  "Grade 6 \u2014 Science_q10": {
    "mean": 0.3499999999999999,
    "sd": 5.551115123125783e-17,
    "n": 3
  },
  "Grade 6 \u2014 Social Science_q1": {
    "mean": 0.6833333333333332,
    "sd": 0.023570226039551553,
    "n": 3
  },
  "Grade 6 \u2014 Social Science_q2": {
    "mean": 0.8066666666666666,
    "sd": 0.061282587702834124,
    "n": 3
  },
  "Grade 6 \u2014 Social Science_q3": {
    "mean": 0.65,
    "sd": 0.08164965809277258,
    "n": 3
  },
  "Grade 6 \u2014 Social Science_q4": {
    "mean": 0.6566666666666666,
    "sd": 0.04921607686744466,
    "n": 3
  },
  "Grade 6 \u2014 Social Science_q5": {
    "mean": 0.42333333333333334,
    "sd": 0.020548046676563254,
    "n": 3
  },
  "Grade 6 \u2014 Social Science_q6": {
    "mean": 0.3499999999999999,
    "sd": 5.551115123125783e-17,
    "n": 3
  },
  "Grade 6 \u2014 Social Science_q7": {
    "mean": 0.3499999999999999,
    "sd": 5.551115123125783e-17,
    "n": 3
  },
  "Grade 6 \u2014 Social Science_q8": {
    "mean": 0.3666666666666667,
    "sd": 0.023570226039551605,
    "n": 3
  },
  "Grade 6 \u2014 Social Science_q9": {
    "mean": 0.55,
    "sd": 0.0,
    "n": 3
  },
  "Grade 6 \u2014 Social Science_q10": {
    "mean": 0.5,
    "sd": 0.07071067811865477,
    "n": 3
  },
  "Grade 6 \u2014 Social Science_q11": {
    "mean": 0.43333333333333335,
    "sd": 0.08498365855987977,
    "n": 3
  },
  "Grade 6 \u2014 Social Science_q12": {
    "mean": 0.3833333333333333,
    "sd": 0.04714045207910319,
    "n": 3
  },
  "Grade 7 \u2014 English_q1": {
    "mean": 0.3666666666666667,
    "sd": 0.023570226039551608,
    "n": 3
  },
  "Grade 7 \u2014 English_q2": {
    "mean": 0.5833333333333334,
    "sd": 0.04714045207910316,
    "n": 3
  },
  "Grade 7 \u2014 English_q3": {
    "mean": 0.3666666666666667,
    "sd": 0.023570226039551605,
    "n": 3
  },
  "Grade 7 \u2014 English_q4": {
    "mean": 0.3499999999999999,
    "sd": 5.551115123125783e-17,
    "n": 3
  },
  "Grade 7 \u2014 English_q5": {
    "mean": 0.55,
    "sd": 0.0,
    "n": 3
  },
  "Grade 7 \u2014 English_q6": {
    "mean": 0.18333333333333335,
    "sd": 0.04714045207910317,
    "n": 3
  },
  "Grade 7 \u2014 English_q7": {
    "mean": 0.21666666666666667,
    "sd": 0.02357022603955158,
    "n": 3
  },
  "Grade 7 \u2014 English_q10": {
    "mean": 0.3499999999999999,
    "sd": 5.551115123125783e-17,
    "n": 3
  },
  "Grade 7 \u2014 English_q11": {
    "mean": 0.4833333333333334,
    "sd": 0.12472191289246473,
    "n": 3
  },
  "Grade 7 \u2014 English_q12": {
    "mean": 0.25,
    "sd": 0.0,
    "n": 3
  },
  "Grade 7 \u2014 English_q13": {
    "mean": 0.3666666666666667,
    "sd": 0.023570226039551605,
    "n": 3
  },
  "Grade 7 \u2014 English_q14": {
    "mean": 0.43333333333333335,
    "sd": 0.08498365855987977,
    "n": 3
  },
  "Grade 7 \u2014 English_q15": {
    "mean": 0.3499999999999999,
    "sd": 5.551115123125783e-17,
    "n": 3
  },
  "Grade 7 \u2014 English_q16": {
    "mean": 0.4166666666666667,
    "sd": 0.02357022603955158,
    "n": 3
  },
  "Grade 7 \u2014 Maths_q1": {
    "mean": 0.65,
    "sd": 0.0,
    "n": 3
  },
  "Grade 7 \u2014 Maths_q2": {
    "mean": 0.65,
    "sd": 0.0,
    "n": 3
  },
  "Grade 7 \u2014 Maths_q3": {
    "mean": 0.5833333333333334,
    "sd": 0.04714045207910316,
    "n": 3
  },
  "Grade 7 \u2014 Maths_q4": {
    "mean": 0.3499999999999999,
    "sd": 5.551115123125783e-17,
    "n": 3
  },
  "Grade 7 \u2014 Maths_q5": {
    "mean": 0.3499999999999999,
    "sd": 5.551115123125783e-17,
    "n": 3
  },
  "Grade 7 \u2014 Maths_q6": {
    "mean": 0.4166666666666667,
    "sd": 0.02867441755680876,
    "n": 3
  },
  "Grade 7 \u2014 Maths_q7": {
    "mean": 0.3499999999999999,
    "sd": 5.551115123125783e-17,
    "n": 3
  },
  "Grade 7 \u2014 Maths_q8": {
    "mean": 0.55,
    "sd": 0.0,
    "n": 3
  },
  "Grade 7 \u2014 Maths_q9": {
    "mean": 0.4833333333333334,
    "sd": 0.04714045207910319,
    "n": 3
  },
  "Grade 7 \u2014 Maths_q10": {
    "mean": 0.3499999999999999,
    "sd": 5.551115123125783e-17,
    "n": 3
  },
  "Grade 7 \u2014 Maths_q11": {
    "mean": 0.4833333333333334,
    "sd": 0.09428090415820638,
    "n": 3
  },