{
  "baseline": {
    "spearman_rho": 0.6616541353383457,
    "spearman_p": 0.0014862222546038791,
    "pearson_r": 0.60999745485393,
    "pearson_p": 0.004291268580669796,
    "mae": 0.08693111111111111,
    "bias": -0.021418888888888883,
    "n_items": 20,
    "n_api_calls": 100
  },
  "popstats": {
    "spearman_rho": 0.641662632594533,
    "spearman_p": 0.002290991099174842,
    "pearson_r": 0.5438816769021149,
    "pearson_p": 0.013179065619516648,
    "mae": 0.099825,
    "bias": -0.05970500000000001,
    "n_items": 20,
    "n_api_calls": 100
  },
  "anchors": {
    "spearman_rho": 0.8090409826921099,
    "spearman_p": 1.5665779229422998e-05,
    "pearson_r": 0.7731576020991233,
    "pearson_p": 6.406319312028494e-05,
    "mae": 0.24109499999999998,
    "bias": 0.24109499999999998,
    "n_items": 20,
    "n_api_calls": 100
  },
  "errors": {
    "spearman_rho": 0.8250916230369142,
    "spearman_p": 7.567199041072062e-06,
    "pearson_r": 0.6187593532878801,
    "pearson_p": 0.003630960605364785,
    "mae": 0.15459499999999998,
    "bias": -0.146905,
    "n_items": 20,
    "n_api_calls": 100
  },
  "hybrid": {
    "spearman_rho": 0.805869302623316,
    "spearman_p": 1.794530032366279e-05,
    "pearson_r": 0.7697398576164404,
    "pearson_p": 7.230359643595218e-05,
    "mae": 0.182835,
    "bias": 0.180395,
    "n_items": 20,
    "n_api_calls": 100
  }
}