{
  "baseline_t0.5": {
    "strategy": "baseline",
    "temperature": 0.5,
    "model": "gemini-2.5-flash",
    "spearman_rho": 0.5714285714285714,
    "spearman_p": 0.008489085694766677,
    "pearson_r": 0.517574902472205,
    "mae": 0.10781722222222223,
    "bias": 0.0003672222222222216,
    "n_api_calls": 0
  },
  "baseline_t1.0": {
    "strategy": "baseline",
    "temperature": 1.0,
    "model": "gemini-2.5-flash",
    "spearman_rho": 0.7428571428571428,
    "spearman_p": 0.00017540444660487062,
    "pearson_r": 0.5330076706234776,
    "mae": 0.09429162393162394,
    "bias": -0.04155837606837606,
    "n_api_calls": 0
  },
  "baseline_t1.5": {
    "strategy": "baseline",
    "temperature": 1.5,
    "model": "gemini-2.5-flash",
    "spearman_rho": 0.31127819548872177,
    "spearman_p": 0.18157577037037329,
    "pearson_r": 0.2360782031057883,
    "mae": 0.11964166666666669,
    "bias": -0.02192166666666666,
    "n_api_calls": 57
  },
  "baseline_t2.0": {
    "strategy": "baseline",
    "temperature": 2.0,
    "model": "gemini-2.5-flash",
    "spearman_rho": 0.3984962406015037,
    "spearman_p": 0.08180541617403764,
    "pearson_r": 0.5684817283660182,
    "mae": 0.1123577777777778,
    "bias": -0.037407777777777776,
    "n_api_calls": 100
  },
  "errors_t0.5": {
    "strategy": "errors",
    "temperature": 0.5,
    "model": "gemini-2.5-flash",
    "spearman_rho": 0.7740140466173092,
    "spearman_p": 6.212987259289471e-05,
    "pearson_r": 0.5905302839306013,
    "mae": 0.15259499999999998,
    "bias": -0.143905,
    "n_api_calls": 100
  },
  "errors_t1.0": {
    "strategy": "errors",
    "temperature": 1.0,
    "model": "gemini-2.5-flash",
    "spearman_rho": 0.8027646847635375,
    "spearman_p": 2.0449552802165538e-05,
    "pearson_r": 0.5994527227599677,
    "mae": 0.14959499999999998,
    "bias": -0.144905,
    "n_api_calls": 100
  },
  "errors_t1.5": {
    "strategy": "errors",
    "temperature": 1.5,
    "model": "gemini-2.5-flash",
    "spearman_rho": 0.7834288845435702,
    "spearman_p": 4.3971461092205836e-05,
    "pearson_r": 0.6117507693326125,
    "mae": 0.14981499999999998,
    "bias": -0.143405,
    "n_api_calls": 100
  },
  "errors_t2.0": {
    "strategy": "errors",
    "temperature": 2.0,
    "model": "gemini-2.5-flash",
    "spearman_rho": 0.8409176976783331,
    "spearman_p": 3.4262442645704707e-06,
    "pearson_r": 0.6708651121507154,
    "mae": 0.14301499999999998,
    "bias": -0.136605,
    "n_api_calls": 100
  },
  "anchors_t0.5": {
    "strategy": "anchors",
    "temperature": 0.5,
    "model": "gemini-2.5-flash",
    "spearman_rho": 0.8105263157894737,
    "spearman_p": 1.4687607586992212e-05,
    "pearson_r": 0.792682613740793,
    "mae": 0.228705,
    "bias": 0.218595,
    "n_api_calls": 100
  },
  "anchors_t1.0": {
    "strategy": "anchors",
    "temperature": 1.0,
    "model": "gemini-2.5-flash",
    "spearman_rho": 0.8206093096306453,
    "spearman_p": 9.338485354192534e-06,
    "pearson_r": 0.7975867601880052,
    "mae": 0.23859500000000003,
    "bias": 0.23859500000000003,
    "n_api_calls": 100
  },
  "anchors_t1.5": {
    "strategy": "anchors",
    "temperature": 1.5,
    "model": "gemini-2.5-flash",
    "spearman_rho": 0.7830011836164086,
    "spearman_p": 4.4683581867264995e-05,
    "pearson_r": 0.7353466784778131,
    "mae": 0.241095,
    "bias": 0.241095,
    "n_api_calls": 100
  },
  "anchors_t2.0": {
    "strategy": "anchors",
    "temperature": 2.0,
    "model": "gemini-2.5-flash",
    "spearman_rho": 0.8765991947303111,
    "spearman_p": 3.993401237687625e-07,
    "pearson_r": 0.8720508388286781,
    "mae": 0.24819500000000003,
    "bias": 0.24819500000000003,
    "n_api_calls": 100
  },
  "deepseek_chat_baseline_t0.5": {
    "strategy": "baseline",
    "temperature": 0.5,
    "model": "deepseek-chat",
    "spearman_rho": 0.8004923474044517,
    "spearman_p": 2.2469208632218904e-05,
    "pearson_r": 0.5602581499831566,
    "mae": 0.171745,
    "bias": 0.139645,
    "n_api_calls": 100
  },
  "deepseek_chat_baseline_t1.0": {
    "strategy": "baseline",
    "temperature": 1.0,
    "model": "deepseek-chat",
    "spearman_rho": 0.8087358569099237,
    "spearman_p": 1.5873566379790123e-05,
    "pearson_r": 0.5358803893200215,
    "mae": 0.17479499999999998,
    "bias": 0.140445,
    "n_api_calls": 100
  },
  "deepseek_chat_baseline_t1.5": {
    "strategy": "baseline",
    "temperature": 1.5,
    "model": "deepseek-chat",
    "spearman_rho": 0.728093319635623,
    "spearman_p": 0.00027311702306665966,
    "pearson_r": 0.6551463744826156,
    "mae": 0.17351,
    "bias": 0.15331999999999998,
    "n_api_calls": 100
  },
  "deepseek_chat_baseline_t2.0": {
    "strategy": "baseline",
    "temperature": 2.0,
    "model": "deepseek-chat",
    "spearman_rho": 0.675187969924812,
    "spearman_p": 0.0010889426257988835,
    "pearson_r": 0.592664374032412,
    "mae": 0.17959,
    "bias": 0.15345,
    "n_api_calls": 100
  },
  "deepseek_chat_errors_t0.5": {
    "strategy": "errors",
    "temperature": 0.5,
    "model": "deepseek-chat",
    "spearman_rho": 0.7987988839910407,
    "spearman_p": 2.4084552432947052e-05,
    "pearson_r": 0.6903869043292343,
    "mae": 0.088555,
    "bias": -0.023005,
    "n_api_calls": 100
  },
  "deepseek_chat_errors_t1.0": {
    "strategy": "errors",
    "temperature": 1.0,
    "model": "deepseek-chat",
    "spearman_rho": 0.7873546607058087,
    "spearman_p": 3.787941732454343e-05,
    "pearson_r": 0.6535950785918071,
    "mae": 0.09299500000000001,
    "bias": -0.013305,
    "n_api_calls": 100
  },
  "deepseek_chat_errors_t1.5": {
    "strategy": "errors",
    "temperature": 1.5,
    "model": "deepseek-chat",
    "spearman_rho": 0.7830011836164086,
    "spearman_p": 4.4683581867264995e-05,
    "pearson_r": 0.6404991741462909,
    "mae": 0.09593499999999999,
    "bias": -0.021804999999999998,
    "n_api_calls": 100
  },
  "deepseek_chat_errors_t2.0": {
    "strategy": "errors",
    "temperature": 2.0,
    "model": "deepseek-chat",
    "spearman_rho": 0.7657014456498596,
    "spearman_p": 8.320221847526093e-05,
    "pearson_r": 0.711496635054287,
    "mae": 0.092395,
    "bias": -0.034104999999999996,
    "n_api_calls": 100
  },
  "deepseek_chat_anchors_t0.5": {
    "strategy": "anchors",
    "temperature": 0.5,
    "model": "deepseek-chat",
    "spearman_rho": 0.742663867123448,
    "spearman_p": 0.00017645720356289566,
    "pearson_r": 0.703192517277374,
    "mae": 0.297995,
    "bias": 0.297995,
    "n_api_calls": 100
  },
  "deepseek_chat_anchors_t1.0": {
    "strategy": "anchors",
    "temperature": 1.0,
    "model": "deepseek-chat",
    "spearman_rho": 0.7291198452306192,
    "spearman_p": 0.00026507638059163584,
    "pearson_r": 0.7221419937158544,
    "mae": 0.29149499999999995,
    "bias": 0.29149499999999995,
    "n_api_calls": 100
  },
  "deepseek_chat_anchors_t1.5": {
    "strategy": "anchors",
    "temperature": 1.5,
    "model": "deepseek-chat",
    "spearman_rho": 0.7259044376733395,
    "spearman_p": 0.00029095990510403873,
    "pearson_r": 0.7221644620438694,
    "mae": 0.295095,
    "bias": 0.295095,
    "n_api_calls": 100
  },
  "deepseek_chat_anchors_t2.0": {
    "strategy": "anchors",
    "temperature": 2.0,
    "model": "deepseek-chat",
    "spearman_rho": 0.6912373561416709,
    "spearman_p": 0.000737518029088606,
    "pearson_r": 0.7063488097664061,
    "mae": 0.28929499999999997,
    "bias": 0.28929499999999997,
    "n_api_calls": 100
  }
}