{
  "name": "gemini_flash_50",
  "n_items": 50,
  "n_reps": 3,
  "avg_pred_rho_b2pl": 0.0385594237695078,
  "avg_pred_p_b2pl": 0.7903478899673712,
  "mean_rho_b2pl": 0.028561221851342772,
  "std_rho_b2pl": 0.062247510648293584,
  "rhos_b2pl": [
    0.034535762037535056,
    -0.050487585992687746,
    0.101635489509181
  ]
}