{
  "name": "gemini_flash_140",
  "n_items": 140,
  "n_reps": 3,
  "avg_pred_rho": 0.5469084729209934,
  "avg_pred_p": 2.7302104676351185e-12,
  "mean_rho": 0.5325013616985773,
  "std_rho": 0.012352999620384733,
  "rhos": [
    0.5152464518370368,
    0.5434943955615374,
    0.5387632376971578
  ]
}