{
  "basic": {
    "n_total": 100,
    "n_valid": 100,
    "pearson_r": 0.13948829738112814,
    "pearson_p": 0.16632087507871365,
    "spearman_rho": 0.08969135903805961,
    "spearman_p": 0.37484878207062133,
    "rmse": 0.4719801992047348,
    "mae": 0.4236002508216719,
    "bias": 0.3924430849475483
  },
  "expert": {
    "n_total": 100,
    "n_valid": 100,
    "pearson_r": -0.030562009313393017,
    "pearson_p": 0.7627677777097553,
    "spearman_rho": 0.03630731738322523,
    "spearman_p": 0.7198743515944968,
    "rmse": 0.43563465353788916,
    "mae": 0.3944192001650114,
    "bias": 0.3219430849475483
  },
  "irt": {
    "n_total": 100,
    "n_valid": 100,
    "pearson_r": -0.2675350850354616,
    "pearson_p": 0.007124812400727994,
    "spearman_rho": -0.14209876762360096,
    "spearman_p": 0.15845413017734541,
    "rmse": 0.5168927874742211,
    "mae": 0.4658502821835345,
    "bias": 0.35954348494754834
  },
  "comparative": {
    "n_total": 100,
    "n_valid": 100,
    "pearson_r": 0.1172229562164491,
    "pearson_p": 0.24543813440641635,
    "spearman_rho": 0.13852194398641549,
    "spearman_p": 0.16930517436769343,
    "rmse": 0.48396803952030854,
    "mae": 0.42781428487921747,
    "bias": 0.3784430849475484
  }
}
