{
  "model": "meta-llama/llama-4-scout-17b-16e-instruct",
  "prompt": "error_analysis",
  "temp": 2.0,
  "n_reps": 10,
  "per_rep_rhos": [
    0.5433322098722143,
    0.5346391605270445,
    0.4367474832474448,
    0.4033184035366636,
    0.530216924791695,
    0.11609539092457231,
    0.30421721246890987,
    0.42153357588779133,
    0.06967238237150497,
    0.19427732875489787
  ],
  "mean_rho": 0.35540500723827384,
  "std_rho": 0.16696722604562406
}