{
  "meta": {
    "n_items": 140,
    "temperature": 0.0,
    "models": [
      "gemini-3-flash"
    ],
    "prompts": [
      "basic",
      "expert",
      "irt",
      "comparative"
    ],
    "dataset": "SmartPaper (Indian govt schools, open-ended, Grades 6-8)",
    "ground_truth": "classical_difficulty (proportion correct from student data)"
  },
  "results": {
    "gemini-3-flash": {
      "basic": {
        "n_total": 140,
        "n_valid": 140,
        "n_parse_fail": 0,
        "pearson_r": 0.4511256388920325,
        "pearson_p": 2.222259701743647e-08,
        "spearman_rho": 0.5800905211740781,
        "spearman_p": 5.869454825950167e-14,
        "rmse": 0.30166354294620545,
        "mae": 0.2713071428571429,
        "bias": 0.2455457142857143
      },
      "expert": {
        "n_total": 140,
        "n_valid": 140,
        "n_parse_fail": 0,
        "pearson_r": 0.4384113593303437,
        "pearson_p": 6.038636170067734e-08,
        "spearman_rho": 0.5613728403965345,
        "spearman_p": 5.39521111945087e-13,
        "rmse": 0.15805539354470455,
        "mae": 0.10689857142857141,
        "bias": -0.023025714285714295
      },
      "irt": {
        "n_total": 140,
        "n_valid": 140,
        "n_parse_fail": 0,
        "pearson_r": 0.525558428811142,
        "pearson_p": 2.6061970024291556e-11,
        "spearman_rho": 0.646428640174019,
        "spearman_p": 6.351144835956132e-18,
        "rmse": 0.20689360688873054,
        "mae": 0.17787285714285714,
        "bias": 0.13854571428571427
      },
      "comparative": {
        "n_total": 140,
        "n_valid": 140,
        "n_parse_fail": 0,
        "pearson_r": 0.4278661823053955,
        "pearson_p": 1.3420982093674646e-07,
        "spearman_rho": 0.5542765903627827,
        "spearman_p": 1.207031153481854e-12,
        "rmse": 0.2313665156660068,
        "mae": 0.19638142857142857,
        "bias": 0.15233142857142856
      }
    }
  }
}