{
  "1.0": {
    "mean": 0.3115937552767038,
    "std": 0.16835232436031197,
    "rhos": [
      0.3714137597810153,
      0.48125813257289507,
      0.0821093734762011
    ],
    "avg_pred": 0.4234674989203055
  },
  "1.5": {
    "mean": 0.3013564055852614,
    "std": 0.07477006031563761,
    "rhos": [
      0.24971852698012995,
      0.24726295536481632,
      0.40708773441083795
    ],
    "avg_pred": 0.4451127819548871
  },
  "2.0": {
    "mean": 0.4243062518483682,
    "std": 0.09685552825760427,
    "rhos": [
      0.371790827536988,
      0.34100536010579674,
      0.5601225679023196
    ],
    "avg_pred": 0.4896578007053622
  },
  "2.5": {
    "mean": 0,
    "std": 0,
    "rhos": [],
    "avg_pred": null
  }
}