{
  "Grade 6 \u2014 English_q1": {
    "mean": 0.36999999999999994,
    "sd": 0.014142135623730965,
    "n": 3
  },
  "Grade 6 \u2014 English_q2": {
    "mean": 0.36999999999999994,
    "sd": 0.014142135623730965,
    "n": 3
  },
  "Grade 6 \u2014 English_q3": {
    "mean": 0.3833333333333333,
    "sd": 0.02867441755680876,
    "n": 3
  },
  "Grade 6 \u2014 English_q4": {
    "mean": 0.3499999999999999,
    "sd": 5.551115123125783e-17,
    "n": 3
  },
  "Grade 6 \u2014 English_q5": {
    "mean": 0.3499999999999999,
    "sd": 5.551115123125783e-17,
    "n": 3
  },
  "Grade 6 \u2014 English_q6": {
    "mean": 0.31666666666666665,
    "sd": 0.04714045207910316,
    "n": 3
  },
  "Grade 6 \u2014 English_q8": {
    "mean": 0.5166666666666667,
    "sd": 0.04714045207910318,
    "n": 3
  },
  "Grade 6 \u2014 English_q9": {
    "mean": 0.31666666666666665,
    "sd": 0.04714045207910316,
    "n": 3
  },
  "Grade 6 \u2014 English_q10": {
    "mean": 0.6066666666666666,
    "sd": 0.04189935029992177,
    "n": 3
  },
  "Grade 6 \u2014 English_q11": {
    "mean": 0.3499999999999999,
    "sd": 5.551115123125783e-17,
    "n": 3
  },
  "Grade 6 \u2014 English_q12": {
    "mean": 0.6066666666666668,
    "sd": 0.04189935029992177,
    "n": 3
  },
  "Grade 6 \u2014 English_q13": {
    "mean": 0.6066666666666666,
    "sd": 0.04189935029992177,
    "n": 3
  },
  "Grade 6 \u2014 English_q14": {
    "mean": 0.30666666666666664,
    "sd": 0.06128258770283411,
    "n": 3
  },
  "Grade 6 \u2014 English_q15": {
    "mean": 0.3499999999999999,
    "sd": 5.551115123125783e-17,
    "n": 3
  },
  "Grade 6 \u2014 English_q16": {
    "mean": 0.6966666666666667,
    "sd": 0.03299831645537219,
    "n": 3
  },
  "Grade 6 \u2014 Maths_q1": {
    "mean": 0.26666666666666666,
    "sd": 0.033993463423951896,
    "n": 3
  },
  "Grade 6 \u2014 Maths_q2": {
    "mean": 0.5166666666666667,
    "sd": 0.04714045207910318,
    "n": 3
  },
  "Grade 6 \u2014 Maths_q3": {
    "mean": 0.65,
    "sd": 0.0,
    "n": 3
  },
  "Grade 6 \u2014 Maths_q4": {
    "mean": 0.39333333333333337,
    "sd": 0.018856180831641256,
    "n": 3
  },
  "Grade 6 \u2014 Maths_q5": {
    "mean": 0.18333333333333335,
    "sd": 0.04714045207910317,
    "n": 3
  },
  "Grade 6 \u2014 Maths_q6": {
    "mean": 0.3499999999999999,
    "sd": 5.551115123125783e-17,
    "n": 3
  },
  "Grade 6 \u2014 Maths_q7": {
    "mean": 0.34,
    "sd": 0.014142135623730937,
    "n": 3
  },
  "Grade 6 \u2014 Maths_q8": {
    "mean": 0.36000000000000004,
    "sd": 0.014142135623730965,
    "n": 3
  },
  "Grade 6 \u2014 Maths_q9": {
    "mean": 0.3666666666666667,
    "sd": 0.023570226039551605,
    "n": 3
  },
  "Grade 6 \u2014 Maths_q10": {
    "mean": 0.36000000000000004,
    "sd": 0.014142135623730965,
    "n": 3
  },
  "Grade 6 \u2014 Maths_q11": {
    "mean": 0.20666666666666667,
    "sd": 0.01885618083164127,
    "n": 3
  },
  "Grade 6 \u2014 Maths_q12": {
    "mean": 0.2833333333333333,
    "sd": 0.05312459150169741,
    "n": 3
  },
  "Grade 6 \u2014 Science_q1": {
    "mean": 0.43,
    "sd": 0.014142135623730965,
    "n": 3
  },
  "Grade 6 \u2014 Science_q2": {
    "mean": 0.36000000000000004,
    "sd": 0.014142135623730965,
    "n": 3
  },
  "Grade 6 \u2014 Science_q3": {
    "mean": 0.34,
    "sd": 0.014142135623730937,
    "n": 3
  },
  "Grade 6 \u2014 Science_q4": {
    "mean": 0.3499999999999999,
    "sd": 5.551115123125783e-17,
    "n": 3
  },
  "Grade 6 \u2014 Science_q5": {
    "mean": 0.34,
    "sd": 0.014142135623730937,
    "n": 3
  },
  "Grade 6 \u2014 Science_q6": {
    "mean": 0.34,
    "sd": 0.014142135623730937,
    "n": 3
  },
  "Grade 6 \u2014 Science_q7": {
    "mean": 0.3499999999999999,
    "sd": 5.551115123125783e-17,
    "n": 3
  },
  "Grade 6 \u2014 Science_q8": {
    "mean": 0.3,
    "sd": 0.04082482904638629,
    "n": 3
  },
  "Grade 6 \u2014 Science_q9": {
    "mean": 0.36000000000000004,
    "sd": 0.014142135623730965,
    "n": 3
  },
  "Grade 6 \u2014 Science_q10": {
    "mean": 0.4733333333333334,
    "sd": 0.1084230397819373,
    "n": 3
  },
  "Grade 6 \u2014 Social Science_q1": {
    "mean": 0.43333333333333335,
    "sd": 0.08498365855987977,
    "n": 3
  },
  "Grade 6 \u2014 Social Science_q2": {
    "mean": 0.55,
    "sd": 0.0,
    "n": 3
  },
  "Grade 6 \u2014 Social Science_q3": {
    "mean": 0.36000000000000004,
    "sd": 0.014142135623730965,
    "n": 3
  },
  "Grade 6 \u2014 Social Science_q4": {
    "mean": 0.3499999999999999,
    "sd": 5.551115123125783e-17,
    "n": 3
  },
  "Grade 6 \u2014 Social Science_q5": {
    "mean": 0.3499999999999999,
    "sd": 5.551115123125783e-17,
    "n": 3
  },
  "Grade 6 \u2014 Social Science_q6": {
    "mean": 0.2833333333333333,
    "sd": 0.04714045207910316,
    "n": 3
  },
  "Grade 6 \u2014 Social Science_q7": {
    "mean": 0.30666666666666664,
    "sd": 0.04189935029992178,
    "n": 3
  },
  "Grade 6 \u2014 Social Science_q8": {
    "mean": 0.2833333333333333,
    "sd": 0.04714045207910316,
    "n": 3
  },
  "Grade 6 \u2014 Social Science_q9": {
    "mean": 0.36000000000000004,
    "sd": 0.014142135623730965,
    "n": 3
  },
  "Grade 6 \u2014 Social Science_q10": {
    "mean": 0.3499999999999999,
    "sd": 5.551115123125783e-17,
    "n": 3
  },
  "Grade 6 \u2014 Social Science_q11": {
    "mean": 0.3499999999999999,
    "sd": 5.551115123125783e-17,
    "n": 3
  },
  "Grade 6 \u2014 Social Science_q12": {
    "mean": 0.22,
    "sd": 0.0,
    "n": 3
  },
  "Grade 7 \u2014 English_q1": {
    "mean": 0.3499999999999999,
    "sd": 5.551115123125783e-17,
    "n": 3
  },
  "Grade 7 \u2014 English_q2": {
    "mean": 0.3499999999999999,
    "sd": 5.551115123125783e-17,
    "n": 3
  },
  "Grade 7 \u2014 English_q3": {
    "mean": 0.25,
    "sd": 0.024494897427831792,
    "n": 3
  },
  "Grade 7 \u2014 English_q4": {
    "mean": 0.2866666666666667,
    "sd": 0.009428090415820616,
    "n": 3
  },
  "Grade 7 \u2014 English_q5": {
    "mean": 0.36000000000000004,
    "sd": 0.014142135623730965,
    "n": 3
  },
  "Grade 7 \u2014 English_q6": {
    "mean": 0.15,
    "sd": 0.0,
    "n": 3
  },
  "Grade 7 \u2014 English_q7": {
    "mean": 0.17,
    "sd": 0.01414213562373095,
    "n": 3
  },
  "Grade 7 \u2014 English_q10": {
    "mean": 0.2633333333333333,
    "sd": 0.06128258770283411,
    "n": 3
  },
  "Grade 7 \u2014 English_q11": {
    "mean": 0.36000000000000004,
    "sd": 0.014142135623730965,
    "n": 3
  },
  "Grade 7 \u2014 English_q12": {
    "mean": 0.22999999999999998,
    "sd": 0.01414213562373095,
    "n": 3
  },
  "Grade 7 \u2014 English_q13": {
    "mean": 0.36000000000000004,
    "sd": 0.014142135623730965,
    "n": 3
  },
  "Grade 7 \u2014 English_q14": {
    "mean": 0.3499999999999999,
    "sd": 5.551115123125783e-17,
    "n": 3
  },
  "Grade 7 \u2014 English_q15": {
    "mean": 0.30333333333333334,
    "sd": 0.03299831645537219,
    "n": 3
  },
  "Grade 7 \u2014 English_q16": {
    "mean": 0.38000000000000006,
    "sd": 5.551115123125783e-17,
    "n": 3
  },
  "Grade 7 \u2014 Maths_q1": {
    "mean": 0.55,
    "sd": 0.0,
    "n": 3
  },
  "Grade 7 \u2014 Maths_q2": {
    "mean": 0.4633333333333333,
    "sd": 0.06128258770283415,
    "n": 3
  },
  "Grade 7 \u2014 Maths_q3": {
    "mean": 0.5166666666666667,
    "sd": 0.04714045207910318,
    "n": 3
  },
  "Grade 7 \u2014 Maths_q4": {
    "mean": 0.24,
    "sd": 0.028284271247461915,
    "n": 3
  },
  "Grade 7 \u2014 Maths_q5": {
    "mean": 0.30666666666666664,
    "sd": 0.06128258770283411,
    "n": 3
  },
  "Grade 7 \u2014 Maths_q6": {
    "mean": 0.34,
    "sd": 0.014142135623730937,
    "n": 3
  },
  "Grade 7 \u2014 Maths_q7": {
    "mean": 0.26,
    "sd": 0.028284271247461912,
    "n": 3
  },
  "Grade 7 \u2014 Maths_q8": {
    "mean": 0.38000000000000006,
    "sd": 5.551115123125783e-17,
    "n": 3
  },
  "Grade 7 \u2014 Maths_q9": {
    "mean": 0.3499999999999999,
    "sd": 5.551115123125783e-17,
    "n": 3
  },
  "Grade 7 \u2014 Maths_q10": {
    "mean": 0.31666666666666665,