{
  "n_items": 1869,
  "feature_correlations": {
    "vocabulary_complexity": {
      "r": -0.010930156802477933,
      "p": 0.6367627869311483
    },
    "syntax_complexity": {
      "r": 0.011842827807807614,
      "p": 0.6088863608642618
    },
    "conceptual_complexity": {
      "r": -0.015009259771203235,
      "p": 0.5166734269697598
    },
    "cognitive_load": {
      "r": 0.01533497857118147,
      "p": 0.5076148377753981
    },
    "dok_level": {
      "r": -0.001153129783532319,
      "p": 0.9602668694822364
    },
    "skill_difficulty": {
      "r": 0.008378397104464828,
      "p": 0.7173682269278859
    },
    "distractor_quality": {
      "r": 0.005486840393884196,
      "p": 0.812618152952529
    }
  },
  "ml_results": {
    "train": {
      "n": 1495,
      "pearson_r": 0.2273979202388017,
      "rmse": 0.15385787815096622,
      "mae": 0.1272075344149952
    },
    "test": {
      "n": 374,
      "pearson_r": 0.06318167808706494,
      "pearson_p": 0.22284281361702696,
      "rmse": 0.16071028479927602,
      "mae": 0.13129059989724787
    },
    "cv_rmse": 0.1606100088786458,
    "feature_importance": {
      "vocabulary_complexity": 0.07885195651945308,
      "syntax_complexity": 0.15785583286066932,
      "conceptual_complexity": 0.18676567281151202,
      "cognitive_load": 0.23747377711189094,
      "dok_level": 0.0798639227512733,
      "skill_difficulty": 0.1452168550426603,
      "distractor_quality": 0.11397198290254118
    },
    "direct_baseline": {
      "pearson_r": -0.01470470557936051,
      "pearson_p": 0.5252185007360034,
      "rmse": 0.27108975053662504
    }
  }
}