{
  "n_items": 1869,
  "weighted": {
    "pearson_r": 0.01349756521636157,
    "pearson_p": 0.5597842445052247,
    "spearman_rho": 0.018936657111919778,
    "spearman_p": 0.4132464511107994,
    "rmse": 0.4165054084604121,
    "mae": 0.37182506635102897
  },
  "unweighted": {
    "pearson_r": 0.012789249184123006,
    "pearson_p": 0.5805670286814238,
    "spearman_rho": 0.021960381010316738,
    "spearman_p": 0.34268725307596704,
    "rmse": 0.41470338232211895,
    "mae": 0.36971800057057097
  },
  "distribution_correlation": {
    "r": 0.005632146588710795,
    "p": 0.6263294855540666
  }
}