{
  "config": "v3_contrastive_t1.5",
  "n_reps": 10,
  "per_rep_mean": 0.5128177478137337,
  "per_rep_std": 0.0967464087368334,
  "rhos": [
    0.5899173979987673,
    0.6621521814271877,
    0.4796992481203006,
    0.5936796263023308,
    0.6032343412683571,
    0.4670929250968201,
    0.458819137373688,
    0.5342364191060265,
    0.3303236450528812,
    0.4090225563909774
  ]
}