{
  "config": "v5_error_analysis_t2.0",
  "n_reps": 10,
  "per_rep_mean": 0.5001209941983976,
  "per_rep_std": 0.11074209807604374,
  "rhos": [
    0.6034614198915961,
    0.6792027558171153,
    0.5282168538203248,
    0.4604967443561806,
    0.5543437774498493,
    0.24454483973163185,
    0.49417077582707053,
    0.5293233082706766,
    0.4085779937670034,
    0.49887147305252894
  ]
}