{
  "n_items": 30,
  "weighted": {
    "pearson_r": -0.02781273024897711,
    "pearson_p": 0.8840070121242363,
    "spearman_rho": 0.029951834992201328,
    "spearman_p": 0.8751525828682877,
    "rmse": 0.7185900288697434,
    "mae": 0.6483042824778086
  },
  "unweighted": {
    "pearson_r": -0.03780929428504596,
    "pearson_p": 0.8427625338658584,
    "spearman_rho": 0.018367212809190965,
    "spearman_p": 0.9232548474043937,
    "rmse": 0.7194567854642296,
    "mae": 0.6493264173614026
  },
  "distribution_correlation": {
    "r": -0.09724751679575373,
    "p": 0.29067151602552876
  }
}
