{
  "name": "scout_140",
  "n_items": 140,
  "n_reps": 3,
  "avg_pred_rho": 0.24982745846172588,
  "avg_pred_p": 0.0029122737270444532,
  "mean_rho": 0.20230634084051582,
  "std_rho": 0.05341760167177844,
  "rhos": [
    0.1633481127683216,
    0.2778376858906712,
    0.16573322386255473
  ]
}