{
  "0.6": {
    "reps": [
      -0.06388831892923051,
      -0.12807100898709597,
      0.18081738382165646
    ],
    "mean_rho": -0.003713981364890003,
    "sd_rho": 0.13308824886511442
  },
  "0.9": {
    "reps": [
      0.05141412651309727,
      -0.02536144051409313,
      0.1831978301826128
    ],
    "mean_rho": 0.06975017206053898,
    "sd_rho": 0.08612549089603247
  },
  "1.2": {
    "reps": [
      0.1181430196857826,
      0.20345166742622836,
      0.2408763290787379
    ],
    "mean_rho": 0.18749033873024964,
    "sd_rho": 0.051361070335047394
  },
  "known_endpoints": {
    "0.3": {
      "mean_rho": 0.119,
      "source": "RSM experiment"
    },
    "1.5": {
      "mean_rho": 0.673,
      "source": "RSM experiment"
    }
  }
}