{
  "method": "two_stage",
  "n_backstories": 5,
  "n_reps": 3,
  "mean_rho": 0.4080200501253133,
  "std_rho": 0.09639972225889783,
  "rhos": [
    0.41052631578947363,
    0.28872180451127816,
    0.524812030075188
  ]
}