{
  "gemini_3_flash": {
    "mean": 0.6036270098430121,
    "std": 0.061639847585092306,
    "rhos": [
      0.6034614198915961,
      0.6792027558171153,
      0.5282168538203248
    ],
    "model": "gemini-3-flash-preview"
  },
  "gemini_3_pro": {
    "mean": 0.052479598323688946,
    "std": 0.3649164293514875,
    "rhos": [
      0.3047846992245925,
      -0.46354806374649343,
      0.31620215949296776
    ],
    "model": "gemini-3-pro-preview"
  },
  "gemini_2.5_pro": {
    "mean": 0.23992550814373245,
    "std": 0.24184411713828674,
    "rhos": [
      0.22523580430627643,
      0.5431943789295878,
      -0.04865365880466686
    ],
    "model": "gemini-2.5-pro"
  },
  "gemini_2.5_flash": {
    "mean": 0.08823060598818915,
    "std": 0.13134726912091912,
    "rhos": [
      0.23754798947117778,
      0.10926097788842097,
      -0.08211714939503133
    ],
    "model": "gemini-2.5-flash"
  },
  "gemini_2.0_flash": {
    "mean": -0.019060067001915756,
    "std": 0.04984604627593684,
    "rhos": [
      0.015054582422673208,
      -0.08954103362481289,
      0.017306250196392408
    ],
    "model": "gemini-2.0-flash"
  }
}