{
  "Grade 6 \u2014 English_q1": {
    "mean": 0.5833333333333334,
    "sd": 0.04714045207910316,
    "n": 3
  },
  "Grade 6 \u2014 English_q2": {
    "mean": 0.6166666666666667,
    "sd": 0.04714045207910316,
    "n": 3
  },
  "Grade 6 \u2014 English_q3": {
    "mean": 0.65,
    "sd": 0.0,
    "n": 3
  },
  "Grade 6 \u2014 English_q4": {
    "mean": 0.3833333333333333,
    "sd": 0.04714045207910319,
    "n": 3
  },
  "Grade 6 \u2014 English_q5": {
    "mean": 0.3499999999999999,
    "sd": 5.551115123125783e-17,
    "n": 3
  },
  "Grade 6 \u2014 English_q6": {
    "mean": 0.43333333333333335,
    "sd": 0.08498365855987977,
    "n": 3
  },
  "Grade 6 \u2014 English_q8": {
    "mean": 0.7066666666666667,
    "sd": 0.04189935029992177,
    "n": 3
  },
  "Grade 6 \u2014 English_q9": {
    "mean": 0.3499999999999999,
    "sd": 5.551115123125783e-17,
    "n": 3
  },
  "Grade 6 \u2014 English_q10": {
    "mean": 0.65,
    "sd": 0.0,
    "n": 3
  },
  "Grade 6 \u2014 English_q11": {
    "mean": 0.4000000000000001,
    "sd": 0.04082482904638632,
    "n": 3
  },
  "Grade 6 \u2014 English_q12": {
    "mean": 0.9066666666666667,
    "sd": 0.018856180831641284,
    "n": 3
  },
  "Grade 6 \u2014 English_q13": {
    "mean": 0.8166666666666668,
    "sd": 0.028674417556808735,
    "n": 3
  },
  "Grade 6 \u2014 English_q14": {
    "mean": 0.4833333333333334,
    "sd": 0.09428090415820638,
    "n": 3
  },
  "Grade 6 \u2014 English_q15": {
    "mean": 0.5,
    "sd": 0.07071067811865477,
    "n": 3
  },
  "Grade 6 \u2014 English_q16": {
    "mean": 0.85,
    "sd": 0.0,
    "n": 3
  },
  "Grade 6 \u2014 Maths_q1": {
    "mean": 0.3499999999999999,
    "sd": 5.551115123125783e-17,
    "n": 3
  },
  "Grade 6 \u2014 Maths_q2": {
    "mean": 0.7933333333333333,
    "sd": 0.018856180831641232,
    "n": 3
  },
  "Grade 6 \u2014 Maths_q3": {
    "mean": 0.83,
    "sd": 0.014142135623730965,
    "n": 3
  },
  "Grade 6 \u2014 Maths_q4": {
    "mean": 0.55,
    "sd": 0.0,
    "n": 3
  },
  "Grade 6 \u2014 Maths_q5": {
    "mean": 0.2833333333333333,
    "sd": 0.04714045207910316,
    "n": 3
  },
  "Grade 6 \u2014 Maths_q6": {
    "mean": 0.4833333333333334,
    "sd": 0.04714045207910319,
    "n": 3
  },
  "Grade 6 \u2014 Maths_q7": {
    "mean": 0.3666666666666667,
    "sd": 0.023570226039551605,
    "n": 3
  },
  "Grade 6 \u2014 Maths_q8": {
    "mean": 0.48333333333333334,
    "sd": 0.04714045207910318,
    "n": 3
  },
  "Grade 6 \u2014 Maths_q9": {
    "mean": 0.38999999999999996,
    "sd": 0.029439202887759496,
    "n": 3
  },
  "Grade 6 \u2014 Maths_q10": {
    "mean": 0.55,
    "sd": 0.0,
    "n": 3
  },
  "Grade 6 \u2014 Maths_q11": {
    "mean": 0.36000000000000004,
    "sd": 0.014142135623730965,
    "n": 3
  },
  "Grade 6 \u2014 Maths_q12": {
    "mean": 0.3499999999999999,
    "sd": 5.551115123125783e-17,
    "n": 3
  },
  "Grade 6 \u2014 Science_q1": {
    "mean": 0.6733333333333333,
    "sd": 0.03299831645537219,
    "n": 3
  },
  "Grade 6 \u2014 Science_q2": {
    "mean": 0.6166666666666667,
    "sd": 0.04714045207910316,
    "n": 3
  },
  "Grade 6 \u2014 Science_q3": {
    "mean": 0.5833333333333334,
    "sd": 0.09428090415820635,
    "n": 3
  },
  "Grade 6 \u2014 Science_q4": {
    "mean": 0.5833333333333334,
    "sd": 0.04714045207910316,
    "n": 3
  },
  "Grade 6 \u2014 Science_q5": {
    "mean": 0.3866666666666667,
    "sd": 0.009428090415820642,
    "n": 3
  },
  "Grade 6 \u2014 Science_q6": {
    "mean": 0.44,
    "sd": 0.08286535263104039,
    "n": 3
  },
  "Grade 6 \u2014 Science_q7": {
    "mean": 0.55,
    "sd": 0.0,
    "n": 3
  },
  "Grade 6 \u2014 Science_q8": {
    "mean": 0.3499999999999999,
    "sd": 5.551115123125783e-17,
    "n": 3
  },
  "Grade 6 \u2014 Science_q9": {
    "mean": 0.5066666666666667,
    "sd": 0.061282587702834145,
    "n": 3
  },
  "Grade 6 \u2014 Science_q10": {
    "mean": 0.3499999999999999,
    "sd": 5.551115123125783e-17,
    "n": 3
  },
  "Grade 6 \u2014 Social Science_q1": {
    "mean": 0.77,
    "sd": 0.014142135623730965,
    "n": 3
  },
  "Grade 6 \u2014 Social Science_q2": {
    "mean": 0.85,
    "sd": 0.0,
    "n": 3
  },
  "Grade 6 \u2014 Social Science_q3": {
    "mean": 0.65,
    "sd": 0.08164965809277258,
    "n": 3
  },
  "Grade 6 \u2014 Social Science_q4": {
    "mean": 0.5833333333333334,
    "sd": 0.04714045207910316,
    "n": 3
  },
  "Grade 6 \u2014 Social Science_q5": {
    "mean": 0.43,
    "sd": 0.014142135623730965,
    "n": 3
  },
  "Grade 6 \u2014 Social Science_q6": {
    "mean": 0.3499999999999999,
    "sd": 5.551115123125783e-17,
    "n": 3
  },
  "Grade 6 \u2014 Social Science_q7": {
    "mean": 0.3499999999999999,
    "sd": 5.551115123125783e-17,
    "n": 3
  },
  "Grade 6 \u2014 Social Science_q8": {
    "mean": 0.3499999999999999,
    "sd": 5.551115123125783e-17,
    "n": 3
  },
  "Grade 6 \u2014 Social Science_q9": {
    "mean": 0.46666666666666673,
    "sd": 0.062360956446232366,
    "n": 3
  },
  "Grade 6 \u2014 Social Science_q10": {
    "mean": 0.55,
    "sd": 0.0,
    "n": 3
  },
  "Grade 6 \u2014 Social Science_q11": {
    "mean": 0.6166666666666667,
    "sd": 0.04714045207910316,
    "n": 3
  },
  "Grade 6 \u2014 Social Science_q12": {
    "mean": 0.32666666666666666,
    "sd": 0.03299831645537219,
    "n": 3
  },
  "Grade 7 \u2014 English_q1": {
    "mean": 0.4166666666666667,
    "sd": 0.09428090415820636,
    "n": 3
  },
  "Grade 7 \u2014 English_q2": {
    "mean": 0.5166666666666667,
    "sd": 0.04714045207910318,
    "n": 3
  },
  "Grade 7 \u2014 English_q3": {
    "mean": 0.3499999999999999,
    "sd": 5.551115123125783e-17,
    "n": 3
  },
  "Grade 7 \u2014 English_q4": {
    "mean": 0.3499999999999999,
    "sd": 5.551115123125783e-17,
    "n": 3
  },
  "Grade 7 \u2014 English_q5": {
    "mean": 0.54,
    "sd": 0.09416297927883692,
    "n": 3
  },
  "Grade 7 \u2014 English_q6": {
    "mean": 0.21666666666666667,
    "sd": 0.047140452079103175,
    "n": 3
  },
  "Grade 7 \u2014 English_q7": {
    "mean": 0.22999999999999998,
    "sd": 0.01414213562373095,
    "n": 3
  },
  "Grade 7 \u2014 English_q10": {
    "mean": 0.3499999999999999,
    "sd": 5.551115123125783e-17,
    "n": 3
  },
  "Grade 7 \u2014 English_q11": {
    "mean": 0.3499999999999999,
    "sd": 5.551115123125783e-17,
    "n": 3
  },
  "Grade 7 \u2014 English_q12": {
    "mean": 0.32666666666666666,
    "sd": 0.03299831645537219,
    "n": 3
  },
  "Grade 7 \u2014 English_q13": {
    "mean": 0.47333333333333333,
    "sd": 0.05557777333511025,
    "n": 3
  },
  "Grade 7 \u2014 English_q14": {
    "mean": 0.3666666666666667,
    "sd": 0.023570226039551605,
    "n": 3
  },
  "Grade 7 \u2014 English_q15": {
    "mean": 0.3499999999999999,
    "sd": 5.551115123125783e-17,
    "n": 3
  },
  "Grade 7 \u2014 English_q16": {
    "mean": 0.6166666666666667,
    "sd": 0.04714045207910316,
    "n": 3
  },
  "Grade 7 \u2014 Maths_q1": {
    "mean": 0.6166666666666667,
    "sd": 0.04714045207910316,
    "n": 3
  },
  "Grade 7 \u2014 Maths_q2": {
    "mean": 0.5833333333333334,
    "sd": 0.04714045207910316,
    "n": 3
  },
  "Grade 7 \u2014 Maths_q3": {
    "mean": 0.65,
    "sd": 0.0,
    "n": 3
  },
  "Grade 7 \u2014 Maths_q4": {
    "mean": 0.3499999999999999,
    "sd": 5.551115123125783e-17,
    "n": 3
  },
  "Grade 7 \u2014 Maths_q5": {
    "mean": 0.39999999999999997,
    "sd": 0.07071067811865477,
    "n": 3
  },
  "Grade 7 \u2014 Maths_q6": {
    "mean": 0.36000000000000004,
    "sd": 0.014142135623730965,
    "n": 3
  },
  "Grade 7 \u2014 Maths_q7": {
    "mean": 0.3499999999999999,
    "sd": 5.551115123125783e-17,
    "n": 3
  },
  "Grade 7 \u2014 Maths_q8": {
    "mean": 0.65,
    "sd": 0.0,
    "n": 3
  },
  "Grade 7 \u2014 Maths_q9": {
    "mean": 0.37333333333333335,
    "sd": 0.03299831645537222,
    "n": 3
  },
  "Grade 7 \u2014 Maths_q10": {
    "mean": 0.3499999999999999,
    "sd": 5.551115123125783e-17,
    "n": 3
  },
  "Grade 7 \u2014 Maths_q11": {
    "mean": 0.39666666666666667,
    "sd": 0.03299831645537222,