{
  "total_responses": 954,
  "total_errors": 91,
  "weak_tier_errors": 82,
  "mid_tier_errors": 9,
  "gpt35_target_rate": 0.7272727272727273,
  "mistral_target_rate": 0.4647887323943662,
  "weak_vs_mid_pvalue": 0.19352895465258915
}