{
  "method": "calibrated",
  "n_folds": 4,
  "rep_means": [
    0.6999999999999998,
    0.41477310580745097,
    0.21980432958296908
  ],
  "overall_mean": 0.44485914513013997,
  "overall_std": 0.19719000615888255
}