{
  "method": "uncalibrated",
  "n_folds": 4,
  "rep_means": [
    0.40649458802128857,
    0.4,
    0.7686698586202241
  ],
  "overall_mean": 0.5250548155471709,
  "overall_std": 0.17228225257215893
}