{
  "n_items": 105,
  "n_reps": 3,
  "temperature": 1.5,
  "model": "gemini-3-flash-preview",
  "prompt": "contrastive",
  "per_rep_rhos": [
    0.15991132950072778,
    0.07329170174086817,
    0.07934376489810134
  ],
  "per_rep_mean": 0.10418226537989911,
  "per_rep_std": 0.03948377985918066,
  "averaged_rho": 0.11411384171007757,
  "averaged_p": 0.2464103485868006,
  "ci_95": [
    -0.07186669095978213,
    0.29714156304575157
  ]
}