{
  "Grade 6 \u2014 English_q1": {
    "mean": 0.6166666666666667,
    "sd": 0.04714045207910316,
    "n": 3
  },
  "Grade 6 \u2014 English_q2": {
    "mean": 0.55,
    "sd": 0.0,
    "n": 3
  },
  "Grade 6 \u2014 English_q3": {
    "mean": 0.6733333333333333,
    "sd": 0.03299831645537219,
    "n": 3
  },
  "Grade 6 \u2014 English_q4": {
    "mean": 0.37666666666666665,
    "sd": 0.020548046676563275,
    "n": 3
  },
  "Grade 6 \u2014 English_q5": {
    "mean": 0.3499999999999999,
    "sd": 5.551115123125783e-17,
    "n": 3
  },
  "Grade 6 \u2014 English_q6": {
    "mean": 0.47333333333333333,
    "sd": 0.05557777333511025,
    "n": 3
  },
  "Grade 6 \u2014 English_q8": {
    "mean": 0.7166666666666667,
    "sd": 0.04714045207910316,
    "n": 3
  },
  "Grade 6 \u2014 English_q9": {
    "mean": 0.3499999999999999,
    "sd": 5.551115123125783e-17,
    "n": 3
  },
  "Grade 6 \u2014 English_q10": {
    "mean": 0.65,
    "sd": 0.0,
    "n": 3
  },
  "Grade 6 \u2014 English_q11": {
    "mean": 0.3666666666666667,
    "sd": 0.023570226039551608,
    "n": 3
  },
  "Grade 6 \u2014 English_q12": {
    "mean": 0.8833333333333333,
    "sd": 0.02867441755680878,
    "n": 3
  },
  "Grade 6 \u2014 English_q13": {
    "mean": 0.7966666666666665,
    "sd": 0.05557777333511022,
    "n": 3
  },
  "Grade 6 \u2014 English_q14": {
    "mean": 0.3833333333333333,
    "sd": 0.023570226039551608,
    "n": 3
  },
  "Grade 6 \u2014 English_q15": {
    "mean": 0.5499999999999999,
    "sd": 0.14142135623730953,
    "n": 3
  },
  "Grade 6 \u2014 English_q16": {
    "mean": 0.86,
    "sd": 0.014142135623730963,
    "n": 3
  },
  "Grade 6 \u2014 Maths_q1": {
    "mean": 0.3499999999999999,
    "sd": 5.551115123125783e-17,
    "n": 3
  },
  "Grade 6 \u2014 Maths_q2": {
    "mean": 0.7600000000000001,
    "sd": 0.028284271247461926,
    "n": 3
  },
  "Grade 6 \u2014 Maths_q3": {
    "mean": 0.7833333333333332,
    "sd": 0.053124591501697425,
    "n": 3
  },
  "Grade 6 \u2014 Maths_q4": {
    "mean": 0.6166666666666667,
    "sd": 0.04714045207910316,
    "n": 3
  },
  "Grade 6 \u2014 Maths_q5": {
    "mean": 0.24,
    "sd": 0.01414213562373095,
    "n": 3
  },
  "Grade 6 \u2014 Maths_q6": {
    "mean": 0.55,
    "sd": 0.0,
    "n": 3
  },
  "Grade 6 \u2014 Maths_q7": {
    "mean": 0.39333333333333337,
    "sd": 0.009428090415820642,
    "n": 3
  },
  "Grade 6 \u2014 Maths_q8": {
    "mean": 0.55,
    "sd": 0.0,
    "n": 3
  },
  "Grade 6 \u2014 Maths_q9": {
    "mean": 0.45,
    "sd": 0.08164965809277264,
    "n": 3
  },
  "Grade 6 \u2014 Maths_q10": {
    "mean": 0.48333333333333334,
    "sd": 0.04714045207910318,
    "n": 3
  },
  "Grade 6 \u2014 Maths_q11": {
    "mean": 0.3499999999999999,
    "sd": 5.551115123125783e-17,
    "n": 3
  },
  "Grade 6 \u2014 Maths_q12": {
    "mean": 0.3499999999999999,
    "sd": 5.551115123125783e-17,
    "n": 3
  },
  "Grade 6 \u2014 Science_q1": {
    "mean": 0.6733333333333333,
    "sd": 0.03299831645537219,
    "n": 3
  },
  "Grade 6 \u2014 Science_q2": {
    "mean": 0.55,
    "sd": 0.0,
    "n": 3
  },
  "Grade 6 \u2014 Science_q3": {
    "mean": 0.5833333333333334,
    "sd": 0.04714045207910316,
    "n": 3
  },
  "Grade 6 \u2014 Science_q4": {
    "mean": 0.6166666666666667,
    "sd": 0.04714045207910316,
    "n": 3
  },
  "Grade 6 \u2014 Science_q5": {
    "mean": 0.39333333333333337,
    "sd": 0.018856180831641256,
    "n": 3
  },
  "Grade 6 \u2014 Science_q6": {
    "mean": 0.4833333333333334,
    "sd": 0.09428090415820636,
    "n": 3
  },
  "Grade 6 \u2014 Science_q7": {
    "mean": 0.5266666666666667,
    "sd": 0.03299831645537225,
    "n": 3
  },
  "Grade 6 \u2014 Science_q8": {
    "mean": 0.3499999999999999,
    "sd": 5.551115123125783e-17,
    "n": 3
  },
  "Grade 6 \u2014 Science_q9": {
    "mean": 0.4666666666666666,
    "sd": 0.10274023338281627,
    "n": 3
  },
  "Grade 6 \u2014 Science_q10": {
    "mean": 0.3499999999999999,
    "sd": 5.551115123125783e-17,
    "n": 3
  },
  "Grade 6 \u2014 Social Science_q1": {
    "mean": 0.7733333333333334,
    "sd": 0.04109609335312651,
    "n": 3
  },
  "Grade 6 \u2014 Social Science_q2": {
    "mean": 0.84,
    "sd": 0.014142135623730965,
    "n": 3
  },
  "Grade 6 \u2014 Social Science_q3": {
    "mean": 0.6633333333333333,
    "sd": 0.08013876853447535,
    "n": 3
  },
  "Grade 6 \u2014 Social Science_q4": {
    "mean": 0.55,
    "sd": 0.0,
    "n": 3
  },
  "Grade 6 \u2014 Social Science_q5": {
    "mean": 0.45,
    "sd": 0.08164965809277264,
    "n": 3
  },
  "Grade 6 \u2014 Social Science_q6": {
    "mean": 0.3499999999999999,
    "sd": 5.551115123125783e-17,
    "n": 3
  },
  "Grade 6 \u2014 Social Science_q7": {
    "mean": 0.3666666666666667,
    "sd": 0.023570226039551608,
    "n": 3
  },
  "Grade 6 \u2014 Social Science_q8": {
    "mean": 0.32666666666666666,
    "sd": 0.03299831645537219,
    "n": 3
  },
  "Grade 6 \u2014 Social Science_q9": {
    "mean": 0.4833333333333334,
    "sd": 0.09428090415820638,
    "n": 3
  },
  "Grade 6 \u2014 Social Science_q10": {
    "mean": 0.4833333333333334,
    "sd": 0.09428090415820636,
    "n": 3
  },
  "Grade 6 \u2014 Social Science_q11": {
    "mean": 0.6166666666666667,
    "sd": 0.04714045207910316,
    "n": 3
  },
  "Grade 6 \u2014 Social Science_q12": {
    "mean": 0.3666666666666667,
    "sd": 0.023570226039551608,
    "n": 3
  },
  "Grade 7 \u2014 English_q1": {
    "mean": 0.43333333333333335,
    "sd": 0.02357022603955158,
    "n": 3
  },
  "Grade 7 \u2014 English_q2": {
    "mean": 0.55,
    "sd": 0.0,
    "n": 3
  },
  "Grade 7 \u2014 English_q3": {
    "mean": 0.37666666666666665,
    "sd": 0.020548046676563275,
    "n": 3
  },
  "Grade 7 \u2014 English_q4": {
    "mean": 0.3233333333333333,
    "sd": 0.02054804667656325,
    "n": 3
  },
  "Grade 7 \u2014 English_q5": {
    "mean": 0.54,
    "sd": 0.09416297927883692,
    "n": 3
  },
  "Grade 7 \u2014 English_q6": {
    "mean": 0.20333333333333334,
    "sd": 0.03299831645537222,
    "n": 3
  },
  "Grade 7 \u2014 English_q7": {
    "mean": 0.24666666666666667,
    "sd": 0.037712361663282526,
    "n": 3
  },
  "Grade 7 \u2014 English_q10": {
    "mean": 0.3499999999999999,
    "sd": 5.551115123125783e-17,
    "n": 3
  },
  "Grade 7 \u2014 English_q11": {
    "mean": 0.3833333333333333,
    "sd": 0.02867441755680876,
    "n": 3
  },
  "Grade 7 \u2014 English_q12": {
    "mean": 0.3499999999999999,
    "sd": 5.551115123125783e-17,
    "n": 3
  },
  "Grade 7 \u2014 English_q13": {
    "mean": 0.5166666666666667,
    "sd": 0.04714045207910318,
    "n": 3
  },
  "Grade 7 \u2014 English_q14": {
    "mean": 0.5166666666666667,
    "sd": 0.04714045207910319,
    "n": 3
  },
  "Grade 7 \u2014 English_q15": {
    "mean": 0.3666666666666667,
    "sd": 0.023570226039551608,
    "n": 3
  },
  "Grade 7 \u2014 English_q16": {
    "mean": 0.4166666666666667,
    "sd": 0.09428090415820638,
    "n": 3
  },
  "Grade 7 \u2014 Maths_q1": {
    "mean": 0.65,
    "sd": 0.0,
    "n": 3
  },
  "Grade 7 \u2014 Maths_q2": {
    "mean": 0.6166666666666667,
    "sd": 0.04714045207910316,
    "n": 3
  },
  "Grade 7 \u2014 Maths_q3": {
    "mean": 0.65,
    "sd": 0.0,
    "n": 3
  },
  "Grade 7 \u2014 Maths_q4": {
    "mean": 0.2833333333333333,
    "sd": 0.05312459150169741,
    "n": 3
  },
  "Grade 7 \u2014 Maths_q5": {
    "mean": 0.32666666666666666,
    "sd": 0.03299831645537219,
    "n": 3
  },
  "Grade 7 \u2014 Maths_q6": {
    "mean": 0.36999999999999994,
    "sd": 0.014142135623730965,
    "n": 3
  },
  "Grade 7 \u2014 Maths_q7": {
    "mean": 0.3666666666666667,
    "sd": 0.023570226039551608,
    "n": 3
  },
  "Grade 7 \u2014 Maths_q8": {
    "mean": 0.55,
    "sd": 0.0,
    "n": 3
  },
  "Grade 7 \u2014 Maths_q9": {
    "mean": 0.5166666666666667,
    "sd": 0.04714045207910318,
    "n": 3
  },
  "Grade 7 \u2014 Maths_q10": {
    "mean": 0.3499999999999999,
    "sd": 5.551115123125783e-17,
    "n": 3
  },
  "Grade 7 \u2014 Maths_q11": {
    "mean": 0.4066666666666667,
    "sd": 0.04189935029992179,