{
  "name": "scout_10rep",
  "n_items": 20,
  "n_reps": 10,
  "avg_pred_rho_b2pl": 0.4451127819548871,
  "avg_pred_p_b2pl": 0.04922529669211776,
  "mean_rho_b2pl": 0.19740645593176395,
  "std_rho_b2pl": 0.18487717636987208,
  "rhos_b2pl": [
    -0.01692758486841039,
    0.30373450415788045,
    0.3725625061731298,
    0.0,
    0.3835168558227592,
    0.5272105512929662,
    0.02611971191146963,
    0.16972816888244718,
    0.2135172407119556,
    -0.005397394766558314
  ]
}