{
  "error_analysis_direct": {
    "n_total": 1869,
    "n_valid": 1867,
    "pearson_r": -0.06645340836087046,
    "pearson_p": 0.004070778565636168,
    "spearman_rho": -0.05917962446320448,
    "spearman_p": 0.01053943832462699,
    "rmse": 0.3076836125751238,
    "mae": 0.21977564544186878,
    "bias": -0.11374914612488542
  }
}